CREATE DATABASE IF NOT EXISTS CS360_3660;
DROP TABLE IF EXISTS `administrator`, `attend`, `doctor`, `duty`, `examines`, `medicine`, `nurse`, `patient`, `prescribe`, `staff`, `takes`;


CREATE TABLE IF NOT EXISTS STAFF
(
    SID INT NOT NULL PRIMARY KEY,
    ACCESS INT NOT NULL,
    NAME VARCHAR(30) NOT NULL,
    SURNAME VARCHAR(30) NOT NULL,
    PHONE BIGINT NOT NULL,
    EMAIL VARCHAR(255) NOT NULL,
    BIRTHDAY DATE NOT NULL,
    ADDRESS VARCHAR(255) NOT NULL,
    NOTES VARCHAR(300)

);


INSERT INTO STAFF(SID,ACCESS,NAME,SURNAME,PHONE,EMAIL,BIRTHDAY,ADDRESS,NOTES) VALUES(1001,9,"GIWRGOS","MITSOS",6978372792,"csd3660@CSD.UOC.GR","1997-01-17","ETHNIKIS ANTISTASEWS","SUNEDRIO STIS 19/2");
INSERT INTO STAFF(SID,ACCESS,NAME,SURNAME,PHONE,EMAIL,BIRTHDAY,ADDRESS,NOTES) VALUES(1002,9,"THEMIS","MITSOS",1111223344,"1002@CSD.UOC.GR","1993-09-4","HRAKLIO"," ");

INSERT INTO STAFF(SID,ACCESS,NAME,SURNAME,PHONE,EMAIL,BIRTHDAY,ADDRESS,NOTES) VALUES(2001,3,"STELIOS","KATIS",2134743832,"1003@CSD.UOC.GR","1799-02-19","AUGOUSTOU"," ");
INSERT INTO STAFF(SID,ACCESS,NAME,SURNAME,PHONE,EMAIL,BIRTHDAY,ADDRESS,NOTES) VALUES(2002,3,"STAMATIS","ENAS",9321656421,"1004@CSD.UOC.GR","1337-6-17","ETHNIKIS ANTISTASEWS","ARRWSTOS");
INSERT INTO STAFF(SID,ACCESS,NAME,SURNAME,PHONE,EMAIL,BIRTHDAY,ADDRESS,NOTES) VALUES(2003,3,"MARIA","DELOGLOU",6763126813,"1005@CSD.UOC.GR","1963-03-17","ETHNIKIS ANTISTASEWS"," ");
INSERT INTO STAFF(SID,ACCESS,NAME,SURNAME,PHONE,EMAIL,BIRTHDAY,ADDRESS,NOTES) VALUES(2004,3,"DIMITRIS","BAKU",3612813783,"1006@CSD.UOC.GR","1978-02-17","ETHNIKIS ANTISTASEWS"," ");
INSERT INTO STAFF(SID,ACCESS,NAME,SURNAME,PHONE,EMAIL,BIRTHDAY,ADDRESS,NOTES) VALUES(2005,3,"GIWRGOS","MITAKIDIS",7859378219,"1007@CSD.UOC.GR","1957-01-17","ETHNIKIS ANTISTASEWS"," ");
INSERT INTO STAFF(SID,ACCESS,NAME,SURNAME,PHONE,EMAIL,BIRTHDAY,ADDRESS,NOTES) VALUES(2006,3,"GIWRGOS","KAPIOS",6978372792,"1008@CSD.UOC.GR","1977-01-17","ETHNIKIS ANTISTASEWS","SUNEDRIO STIS 16/2");
INSERT INTO STAFF(SID,ACCESS,NAME,SURNAME,PHONE,EMAIL,BIRTHDAY,ADDRESS,NOTES) VALUES(2007,3,"AKIS","MPAKOULIS",1111223344,"1009@CSD.UOC.GR","1987-01-1","HRAKLIO"," ");
INSERT INTO STAFF(SID,ACCESS,NAME,SURNAME,PHONE,EMAIL,BIRTHDAY,ADDRESS,NOTES) VALUES(2008,3,"GIANNIS","PLOUTARXOS",2134743832,"1010@CSD.UOC.GR","1993-02-19","AUGOUSTOU"," ");
INSERT INTO STAFF(SID,ACCESS,NAME,SURNAME,PHONE,EMAIL,BIRTHDAY,ADDRESS,NOTES) VALUES(2009,3,"KWSTAS","DYOS",9321656421,"1011@CSD.UOC.GR","1989-1-17","ETHNIKIS ANTISTASEWS","ARRWSTOS");
INSERT INTO STAFF(SID,ACCESS,NAME,SURNAME,PHONE,EMAIL,BIRTHDAY,ADDRESS,NOTES) VALUES(2010,3,"ISMINI","KARPEROU",6763126813,"1012@CSD.UOC.GR","1985-03-16","ETHNIKIS ANTISTASEWS"," ");
INSERT INTO STAFF(SID,ACCESS,NAME,SURNAME,PHONE,EMAIL,BIRTHDAY,ADDRESS,NOTES) VALUES(2011,3,"DIMITRIS","PAPAIOANNOY",3612813783,"1013@CSD.UOC.GR","1967-01-10","ETHNIKIS ANTISTASEWS"," ");
INSERT INTO STAFF(SID,ACCESS,NAME,SURNAME,PHONE,EMAIL,BIRTHDAY,ADDRESS,NOTES) VALUES(2012,3,"SOFOKLIS","MPEKAS",7859378219,"1014@CSD.UOC.GR","1997-01-17","ETHNIKIS ANTISTASEWS"," ");
INSERT INTO STAFF(SID,ACCESS,NAME,SURNAME,PHONE,EMAIL,BIRTHDAY,ADDRESS,NOTES) VALUES(2013,3,"STELIOS","KATIS",2134743832,"1003@CSD.UOC.GR","1799-02-19","AUGOUSTOU"," ");
INSERT INTO STAFF(SID,ACCESS,NAME,SURNAME,PHONE,EMAIL,BIRTHDAY,ADDRESS,NOTES) VALUES(2014,3,"STAMATIS","ENAS",9321656421,"1004@CSD.UOC.GR","1337-6-17","ETHNIKIS ANTISTASEWS","ARRWSTOS");
INSERT INTO STAFF(SID,ACCESS,NAME,SURNAME,PHONE,EMAIL,BIRTHDAY,ADDRESS,NOTES) VALUES(2015,3,"MARIA","DELOGLOU",6763126813,"1005@CSD.UOC.GR","1963-03-17","ETHNIKIS ANTISTASEWS"," ");
INSERT INTO STAFF(SID,ACCESS,NAME,SURNAME,PHONE,EMAIL,BIRTHDAY,ADDRESS,NOTES) VALUES(2016,3,"DIMITRIS","BAKU",3612813783,"1006@CSD.UOC.GR","1978-02-17","ETHNIKIS ANTISTASEWS"," ");
INSERT INTO STAFF(SID,ACCESS,NAME,SURNAME,PHONE,EMAIL,BIRTHDAY,ADDRESS,NOTES) VALUES(2017,3,"GIWRGOS","MITAKIDIS",7859378219,"1007@CSD.UOC.GR","1957-01-17","ETHNIKIS ANTISTASEWS"," ");
INSERT INTO STAFF(SID,ACCESS,NAME,SURNAME,PHONE,EMAIL,BIRTHDAY,ADDRESS,NOTES) VALUES(2018,3,"GIWRGOS","KAPIOS",6978372792,"1008@CSD.UOC.GR","1977-01-17","ETHNIKIS ANTISTASEWS","SUNEDRIO STIS 16/2");
INSERT INTO STAFF(SID,ACCESS,NAME,SURNAME,PHONE,EMAIL,BIRTHDAY,ADDRESS,NOTES) VALUES(2019,3,"AKIS","MPAKOULIS",1111223344,"1009@CSD.UOC.GR","1987-01-1","HRAKLIO"," ");
INSERT INTO STAFF(SID,ACCESS,NAME,SURNAME,PHONE,EMAIL,BIRTHDAY,ADDRESS,NOTES) VALUES(2020,3,"GIANNIS","PLOUTARXOS",2134743832,"1010@CSD.UOC.GR","1993-02-19","AUGOUSTOU"," ");
INSERT INTO STAFF(SID,ACCESS,NAME,SURNAME,PHONE,EMAIL,BIRTHDAY,ADDRESS,NOTES) VALUES(2021,3,"KWSTAS","DYOS",9321656421,"1011@CSD.UOC.GR","1989-1-17","ETHNIKIS ANTISTASEWS","ARRWSTOS");
INSERT INTO STAFF(SID,ACCESS,NAME,SURNAME,PHONE,EMAIL,BIRTHDAY,ADDRESS,NOTES) VALUES(2022,3,"ISMINI","KARPEROU",6763126813,"1012@CSD.UOC.GR","1985-03-16","ETHNIKIS ANTISTASEWS"," ");
INSERT INTO STAFF(SID,ACCESS,NAME,SURNAME,PHONE,EMAIL,BIRTHDAY,ADDRESS,NOTES) VALUES(2023,3,"DIMITRIS","PAPAIOANNOY",3612813783,"1013@CSD.UOC.GR","1967-01-10","ETHNIKIS ANTISTASEWS"," ");
INSERT INTO STAFF(SID,ACCESS,NAME,SURNAME,PHONE,EMAIL,BIRTHDAY,ADDRESS,NOTES) VALUES(2024,3,"SOFOKLIS","MPEKAS",7859378219,"1014@CSD.UOC.GR","1997-01-17","ETHNIKIS ANTISTASEWS"," ");
INSERT INTO STAFF(SID,ACCESS,NAME,SURNAME,PHONE,EMAIL,BIRTHDAY,ADDRESS,NOTES) VALUES(2025,3,"GIANNIS","PLOUTARXOS",2134743832,"1010@CSD.UOC.GR","1993-02-19","AUGOUSTOU"," ");
INSERT INTO STAFF(SID,ACCESS,NAME,SURNAME,PHONE,EMAIL,BIRTHDAY,ADDRESS,NOTES) VALUES(2026,3,"KWSTAS","DYOS",9321656421,"1011@CSD.UOC.GR","1989-1-17","ETHNIKIS ANTISTASEWS","ARRWSTOS");
INSERT INTO STAFF(SID,ACCESS,NAME,SURNAME,PHONE,EMAIL,BIRTHDAY,ADDRESS,NOTES) VALUES(2027,3,"ISMINI","KARPEROU",6763126813,"1012@CSD.UOC.GR","1985-03-16","ETHNIKIS ANTISTASEWS"," ");
INSERT INTO STAFF(SID,ACCESS,NAME,SURNAME,PHONE,EMAIL,BIRTHDAY,ADDRESS,NOTES) VALUES(2028,3,"DIMITRIS","PAPAIOANNOY",3612813783,"1013@CSD.UOC.GR","1967-01-10","ETHNIKIS ANTISTASEWS"," ");
INSERT INTO STAFF(SID,ACCESS,NAME,SURNAME,PHONE,EMAIL,BIRTHDAY,ADDRESS,NOTES) VALUES(2029,3,"SOFOKLIS","MPEKAS",7859378219,"1014@CSD.UOC.GR","1997-01-17","ETHNIKIS ANTISTASEWS"," ");
INSERT INTO STAFF(SID,ACCESS,NAME,SURNAME,PHONE,EMAIL,BIRTHDAY,ADDRESS,NOTES) VALUES(2030,3,"STELIOS","KATIS",2134743832,"1003@CSD.UOC.GR","1799-02-19","AUGOUSTOU"," ");

INSERT INTO STAFF(SID,ACCESS,NAME,SURNAME,PHONE,EMAIL,BIRTHDAY,ADDRESS,NOTES) VALUES(3001,2,"STAMATIS","ENAS",9321656421,"1004@CSD.UOC.GR","1337-6-17","ETHNIKIS ANTISTASEWS","ARRWSTOS");
INSERT INTO STAFF(SID,ACCESS,NAME,SURNAME,PHONE,EMAIL,BIRTHDAY,ADDRESS,NOTES) VALUES(3002,2,"MARIA","DELOGLOU",6763126813,"1005@CSD.UOC.GR","1963-03-17","ETHNIKIS ANTISTASEWS"," ");
INSERT INTO STAFF(SID,ACCESS,NAME,SURNAME,PHONE,EMAIL,BIRTHDAY,ADDRESS,NOTES) VALUES(3003,2,"DIMITRIS","BAKU",3612813783,"1006@CSD.UOC.GR","1978-02-17","ETHNIKIS ANTISTASEWS"," ");
INSERT INTO STAFF(SID,ACCESS,NAME,SURNAME,PHONE,EMAIL,BIRTHDAY,ADDRESS,NOTES) VALUES(3004,2,"GIWRGOS","MITAKIDIS",7859378219,"1007@CSD.UOC.GR","1957-01-17","ETHNIKIS ANTISTASEWS"," ");
INSERT INTO STAFF(SID,ACCESS,NAME,SURNAME,PHONE,EMAIL,BIRTHDAY,ADDRESS,NOTES) VALUES(3005,2,"GIWRGOS","KAPIOS",6978372792,"1008@CSD.UOC.GR","1977-01-17","ETHNIKIS ANTISTASEWS","SUNEDRIO STIS 16/2");
INSERT INTO STAFF(SID,ACCESS,NAME,SURNAME,PHONE,EMAIL,BIRTHDAY,ADDRESS,NOTES) VALUES(3006,2,"AKIS","MPAKOULIS",1111223344,"1009@CSD.UOC.GR","1987-01-1","HRAKLIO"," ");
INSERT INTO STAFF(SID,ACCESS,NAME,SURNAME,PHONE,EMAIL,BIRTHDAY,ADDRESS,NOTES) VALUES(3007,2,"GIANNIS","PLOUTARXOS",2134743832,"1010@CSD.UOC.GR","1993-02-19","AUGOUSTOU"," ");
INSERT INTO STAFF(SID,ACCESS,NAME,SURNAME,PHONE,EMAIL,BIRTHDAY,ADDRESS,NOTES) VALUES(3008,2,"KWSTAS","DYOS",9321656421,"1011@CSD.UOC.GR","1989-1-17","ETHNIKIS ANTISTASEWS","ARRWSTOS");
INSERT INTO STAFF(SID,ACCESS,NAME,SURNAME,PHONE,EMAIL,BIRTHDAY,ADDRESS,NOTES) VALUES(3009,2,"ISMINI","KARPEROU",6763126813,"1012@CSD.UOC.GR","1985-03-16","ETHNIKIS ANTISTASEWS"," ");
INSERT INTO STAFF(SID,ACCESS,NAME,SURNAME,PHONE,EMAIL,BIRTHDAY,ADDRESS,NOTES) VALUES(3010,2,"DIMITRIS","PAPAIOANNOY",3612813783,"1013@CSD.UOC.GR","1967-01-10","ETHNIKIS ANTISTASEWS"," ");
INSERT INTO STAFF(SID,ACCESS,NAME,SURNAME,PHONE,EMAIL,BIRTHDAY,ADDRESS,NOTES) VALUES(3011,2,"SOFOKLIS","MPEKAS",7859378219,"1014@CSD.UOC.GR","1997-01-17","ETHNIKIS ANTISTASEWS"," ");

CREATE TABLE IF NOT EXISTS DOCTOR
(
    SID INT NOT NULL PRIMARY KEY,
    YEARS INT NOT NULL,
    SPECIALTY VARCHAR(30) NOT NULL

);

INSERT INTO DOCTOR(SID,YEARS,SPECIALTY) VALUES(2001,10,"PATHOLOGIST");
INSERT INTO DOCTOR(SID,YEARS,SPECIALTY) VALUES(2002,8,"PATHOLOGIST");
INSERT INTO DOCTOR(SID,YEARS,SPECIALTY) VALUES(2003,17,"PATHOLOGIST");
INSERT INTO DOCTOR(SID,YEARS,SPECIALTY) VALUES(2004,22,"PATHOLOGIST");
INSERT INTO DOCTOR(SID,YEARS,SPECIALTY) VALUES(2005,32,"PATHOLOGIST");
INSERT INTO DOCTOR(SID,YEARS,SPECIALTY) VALUES(2006,5,"PATHOLOGIST");
INSERT INTO DOCTOR(SID,YEARS,SPECIALTY) VALUES(2007,15,"CARDIOLOGIST");
INSERT INTO DOCTOR(SID,YEARS,SPECIALTY) VALUES(2008,4,"CARDIOLOGIST");
INSERT INTO DOCTOR(SID,YEARS,SPECIALTY) VALUES(2009,33,"CARDIOLOGIST");
INSERT INTO DOCTOR(SID,YEARS,SPECIALTY) VALUES(2010,24,"CARDIOLOGIST");
INSERT INTO DOCTOR(SID,YEARS,SPECIALTY) VALUES(2011,7,"CARDIOLOGIST");
INSERT INTO DOCTOR(SID,YEARS,SPECIALTY) VALUES(2012,15,"CARDIOLOGIST");
INSERT INTO DOCTOR(SID,YEARS,SPECIALTY) VALUES(2013,14,"ANESTHISIOLOGIST");
INSERT INTO DOCTOR(SID,YEARS,SPECIALTY) VALUES(2014,16,"ANESTHISIOLOGIST");
INSERT INTO DOCTOR(SID,YEARS,SPECIALTY) VALUES(2015,22,"ANESTHISIOLOGIST");
INSERT INTO DOCTOR(SID,YEARS,SPECIALTY) VALUES(2016,28,"ANESTHISIOLOGIST");
INSERT INTO DOCTOR(SID,YEARS,SPECIALTY) VALUES(2017,10,"ANESTHISIOLOGIST");
INSERT INTO DOCTOR(SID,YEARS,SPECIALTY) VALUES(2018,3,"ANESTHISIOLOGIST");
INSERT INTO DOCTOR(SID,YEARS,SPECIALTY) VALUES(2019,19,"UROLOGIST");
INSERT INTO DOCTOR(SID,YEARS,SPECIALTY) VALUES(2020,4,"UROLOGIST");
INSERT INTO DOCTOR(SID,YEARS,SPECIALTY) VALUES(2021,9,"UROLOGIST");
INSERT INTO DOCTOR(SID,YEARS,SPECIALTY) VALUES(2022,7,"UROLOGIST");
INSERT INTO DOCTOR(SID,YEARS,SPECIALTY) VALUES(2023,18,"UROLOGIST");
INSERT INTO DOCTOR(SID,YEARS,SPECIALTY) VALUES(2024,23,"UROLOGIST");
INSERT INTO DOCTOR(SID,YEARS,SPECIALTY) VALUES(2025,35,"INFECTIOUS DISEASE EXPERT");
INSERT INTO DOCTOR(SID,YEARS,SPECIALTY) VALUES(2026,11,"INFECTIOUS DISEASE EXPERT");
INSERT INTO DOCTOR(SID,YEARS,SPECIALTY) VALUES(2027,22,"INFECTIOUS DISEASE EXPERT");
INSERT INTO DOCTOR(SID,YEARS,SPECIALTY) VALUES(2028,33,"INFECTIOUS DISEASE EXPERT");
INSERT INTO DOCTOR(SID,YEARS,SPECIALTY) VALUES(2029,16,"INFECTIOUS DISEASE EXPERT");
INSERT INTO DOCTOR(SID,YEARS,SPECIALTY) VALUES(2030,26,"INFECTIOUS DISEASE EXPERT");

CREATE TABLE IF NOT EXISTS NURSE
(
    SID INT NOT NULL PRIMARY KEY

);


INSERT INTO NURSE(SID) VALUES(3001);
INSERT INTO NURSE(SID) VALUES(3002);
INSERT INTO NURSE(SID) VALUES(3003);
INSERT INTO NURSE(SID) VALUES(3004);
INSERT INTO NURSE(SID) VALUES(3005);
INSERT INTO NURSE(SID) VALUES(3006);
INSERT INTO NURSE(SID) VALUES(3007);
INSERT INTO NURSE(SID) VALUES(3008);
INSERT INTO NURSE(SID) VALUES(3009);
INSERT INTO NURSE(SID) VALUES(3010);
INSERT INTO NURSE(SID) VALUES(3011);

CREATE TABLE IF NOT EXISTS ADMINISTRATOR
(
    SID INT NOT NULL PRIMARY KEY

);

INSERT INTO ADMINISTRATOR(SID) VALUES(1001);
INSERT INTO ADMINISTRATOR(SID) VALUES(1002);

CREATE TABLE IF NOT EXISTS DUTY
(
    SID INT NOT NULL,
    DAY DATE NOT NULL
);

INSERT INTO DUTY(SID,DAY) VALUES(2001,"2021-01-12");
INSERT INTO DUTY(SID,DAY) VALUES(2002,"2021-01-12");
INSERT INTO DUTY(SID,DAY) VALUES(2003,"2021-01-12");

INSERT INTO DUTY(SID,DAY) VALUES(2007,"2021-01-12");
INSERT INTO DUTY(SID,DAY) VALUES(2008,"2021-01-12");
INSERT INTO DUTY(SID,DAY) VALUES(2009,"2021-01-12");

INSERT INTO DUTY(SID,DAY) VALUES(2013,"2021-01-12");
INSERT INTO DUTY(SID,DAY) VALUES(2014,"2021-01-12");
INSERT INTO DUTY(SID,DAY) VALUES(2015,"2021-01-12");

INSERT INTO DUTY(SID,DAY) VALUES(2019,"2021-01-12");
INSERT INTO DUTY(SID,DAY) VALUES(2020,"2021-01-12");
INSERT INTO DUTY(SID,DAY) VALUES(2021,"2021-01-12");

INSERT INTO DUTY(SID,DAY) VALUES(2025,"2021-01-12");
INSERT INTO DUTY(SID,DAY) VALUES(2026,"2021-01-12");
INSERT INTO DUTY(SID,DAY) VALUES(2027,"2021-01-12");

INSERT INTO DUTY(SID,DAY) VALUES(3001,"2021-01-12");
INSERT INTO DUTY(SID,DAY) VALUES(3002,"2021-01-12");
INSERT INTO DUTY(SID,DAY) VALUES(3003,"2021-01-12");
INSERT INTO DUTY(SID,DAY) VALUES(3004,"2021-01-12");

INSERT INTO DUTY(SID,DAY) VALUES(1001,"2021-01-12");


CREATE TABLE IF NOT EXISTS ATTEND
(
    SID INT NOT NULL,
    DAY DATE NOT NULL
);

INSERT INTO ATTEND(SID,DAY) VALUES(2001,"2021-01-12");
INSERT INTO ATTEND(SID,DAY) VALUES(2002,"2021-01-12");
INSERT INTO ATTEND(SID,DAY) VALUES(2003,"2021-01-12");

INSERT INTO ATTEND(SID,DAY) VALUES(2007,"2021-01-12");
INSERT INTO ATTEND(SID,DAY) VALUES(2008,"2021-01-12");
INSERT INTO ATTEND(SID,DAY) VALUES(2009,"2021-01-12");

INSERT INTO ATTEND(SID,DAY) VALUES(2013,"2021-01-12");
INSERT INTO ATTEND(SID,DAY) VALUES(2014,"2021-01-12");
INSERT INTO ATTEND(SID,DAY) VALUES(2015,"2021-01-12");

INSERT INTO ATTEND(SID,DAY) VALUES(2019,"2021-01-12");
INSERT INTO ATTEND(SID,DAY) VALUES(2020,"2021-01-12");
INSERT INTO ATTEND(SID,DAY) VALUES(2021,"2021-01-12");

INSERT INTO ATTEND(SID,DAY) VALUES(2025,"2021-01-12");
INSERT INTO ATTEND(SID,DAY) VALUES(2026,"2021-01-12");
INSERT INTO ATTEND(SID,DAY) VALUES(2027,"2021-01-12");

INSERT INTO ATTEND(SID,DAY) VALUES(3001,"2021-01-12");
INSERT INTO ATTEND(SID,DAY) VALUES(3002,"2021-01-12");
INSERT INTO ATTEND(SID,DAY) VALUES(3003,"2021-01-12");
INSERT INTO ATTEND(SID,DAY) VALUES(3004,"2021-01-12");

INSERT INTO ATTEND(SID,DAY) VALUES(1001,"2021-01-12");



CREATE TABLE IF NOT EXISTS PRESCRIBE
(
    SID INT NOT NULL,
    DAY DATE NOT NULL,
    MID INT NOT NULL,
    PID VARCHAR(250) NOT NULL PRIMARY KEY,
    AMKA BIGINT NOT NULL
);

INSERT INTO PRESCRIBE(SID,DAY,MID,PID,AMKA) VALUES(1001,"2021-01-12",150317,150317100120210112,9003);
INSERT INTO PRESCRIBE(SID,DAY,MID,PID,AMKA) VALUES(2002,"2021-01-12",150317,150317200220210112,9001);
INSERT INTO PRESCRIBE(SID,DAY,MID,PID,AMKA) VALUES(1002,"2021-01-12",150317,150317100220210112,9001);
INSERT INTO PRESCRIBE(SID,DAY,MID,PID,AMKA) VALUES(1004,"2021-01-12",462189,462189100420210112,9002);
INSERT INTO PRESCRIBE(SID,DAY,MID,PID,AMKA) VALUES(1004,"2021-01-12",150317,150317100420210112,9002);
INSERT INTO PRESCRIBE(SID,DAY,MID,PID,AMKA) VALUES(2001,"2021-01-12",150317,150317200120210112,9005);

CREATE TABLE IF NOT EXISTS EXAMINES
(
    SID INT NOT NULL,
    DAY DATE NOT NULL,
    AMKA INT NOT NULL,
    TYPE VARCHAR(50) NOT NULL,
    RESULT VARCHAR(300) NOT NULL
);

INSERT INTO EXAMINES(SID,DAY,AMKA,TYPE,RESULT) VALUES(1001,"2021-01-12",9001,"COVID-19","POSITIVE");
INSERT INTO EXAMINES(SID,DAY,AMKA,TYPE,RESULT) VALUES(2002,"2021-01-12",9002,"COVID-19","NEGATIVE");
INSERT INTO EXAMINES(SID,DAY,AMKA,TYPE,RESULT) VALUES(1002,"2021-01-12",9003,"AIMATOLOGIKES","FUSIOLOGIKES");
INSERT INTO EXAMINES(SID,DAY,AMKA,TYPE,RESULT) VALUES(1004,"2021-01-12",9004,"COVID-19","POSITIVE");
INSERT INTO EXAMINES(SID,DAY,AMKA,TYPE,RESULT) VALUES(1004,"2021-01-12",9004,"AIMATOLOGIKES",9002);
INSERT INTO EXAMINES(SID,DAY,AMKA,TYPE,RESULT) VALUES(1001,"2021-01-12",9005,"COVID-19","AUXIMENA LEUKA");



CREATE TABLE IF NOT EXISTS TAKES
(
    AMKA INT NOT NULL,
    MID INT NOT NULL
);

INSERT INTO TAKES(MID,AMKA) VALUES(150317,9003);
INSERT INTO TAKES(MID,AMKA) VALUES(150317,9001);
INSERT INTO TAKES(MID,AMKA) VALUES(150317,9001);
INSERT INTO TAKES(MID,AMKA) VALUES(462189,9002);
INSERT INTO TAKES(MID,AMKA) VALUES(150317,9002);
INSERT INTO TAKES(MID,AMKA) VALUES(150317,9005);



CREATE TABLE IF NOT EXISTS MEDICINE
(
    MID INT NOT NULL PRIMARY KEY,
    TYPE VARCHAR(30) NOT NULL,
    USAGES VARCHAR(60),
    NAME VARCHAR(40) NOT NULL,
    MG VARCHAR(30)
);

INSERT INTO MEDICINE(MID,TYPE,USAGES,NAME,MG) VALUES(150317,"PILL","MUCOSAL FUNCTION","VISCOFLU"," ");
INSERT INTO MEDICINE(MID,TYPE,USAGES,NAME,MG) VALUES(174932,"PILL","HEARTBURN","DULCOGAS","125mg Simethicone");
INSERT INTO MEDICINE(MID,TYPE,USAGES,NAME,MG) VALUES(152373,"PILL","VITAMIN B12 B6 B11","NEUROBION"," ");
INSERT INTO MEDICINE(MID,TYPE,USAGES,NAME,MG) VALUES(473492,"PILL","ANTIPIRETIC","ALGOFREN","600mg IVUPROFEN");
INSERT INTO MEDICINE(MID,TYPE,USAGES,NAME,MG) VALUES(659323,"PILL","ASTHMA","APILONE","500mg CELLULOSE");
INSERT INTO MEDICINE(MID,TYPE,USAGES,NAME,MG) VALUES(465218,"PILL","PAINKILLER","NAPROSYN","1000mg NAPROXEN");
INSERT INTO MEDICINE(MID,TYPE,USAGES,NAME,MG) VALUES(462189,"INHALE","ASTHMA","SYMBICORT","160mg VOUDESONIDI");
INSERT INTO MEDICINE(MID,TYPE,USAGES,NAME,MG) VALUES(749290,"CREAM","BURN","PROFLAMINE"," ");
INSERT INTO MEDICINE(MID,TYPE,USAGES,NAME,MG) VALUES(640932,"INHALE","ASTHMA","FLIXOTIDE","200mg FLUTICASONE");
INSERT INTO MEDICINE(MID,TYPE,USAGES,NAME,MG) VALUES(948521,"VACCINE","PAINKILLER","VOLTAREN","500mg");



CREATE TABLE IF NOT EXISTS PATIENT
(
    ACCESS INT NOT NULL,
    NAME VARCHAR(30) NOT NULL,
    SURNAME VARCHAR(30) NOT NULL,
    PHONE BIGINT NOT NULL,
    EMAIL VARCHAR(255),
    INSURANCE VARCHAR(100),
    AMKA BIGINT NOT NULL PRIMARY KEY,
    BIRTHDAY DATE,
    ADDRESS VARCHAR(255),
    CHRONICCO VARCHAR(300)

);



INSERT INTO PATIENT(ACCESS,NAME,SURNAME,PHONE,EMAIL,INSURANCE,AMKA,BIRTHDAY,ADDRESS,CHRONICCO) VALUES(1,"GIWRGOS","TADE","6969696969","GIWRGOS@YAHOO.GR","ETHNIKI ASFALISTIKI",9001,"1997-01-17","ETHNIKIS ANTISTASEWS","XAP");
INSERT INTO PATIENT(ACCESS,NAME,SURNAME,PHONE,EMAIL,INSURANCE,AMKA,BIRTHDAY,ADDRESS,CHRONICCO) VALUES(1,"GIANNIS","TADE","6969696969","GIANNIS@YAHOO.GR","ETHNIKI ASFALISTIKI",9002,"1997-01-17","ETHNIKIS ANTISTASEWS","ASTHMA");
INSERT INTO PATIENT(ACCESS,NAME,SURNAME,PHONE,EMAIL,INSURANCE,AMKA,BIRTHDAY,ADDRESS,CHRONICCO) VALUES(1,"KWSTAS","TADE","6969696969","KWSTAS@YAHOO.GR","NONE",9003,"1997-01-17","ETHNIKIS ANTISTASEWS"," ");
INSERT INTO PATIENT(ACCESS,NAME,SURNAME,PHONE,EMAIL,INSURANCE,AMKA,BIRTHDAY,ADDRESS,CHRONICCO) VALUES(1,"SWTIRIS","TADE","6969696969","SWTIRIS@YAHOO.GR","ETHNIKI ASFALISTIKI",9004,"1997-01-17","ETHNIKIS ANTISTASEWS"," ");
INSERT INTO PATIENT(ACCESS,NAME,SURNAME,PHONE,EMAIL,INSURANCE,AMKA,BIRTHDAY,ADDRESS,CHRONICCO) VALUES(1,"PETROS","TADE","6969696969","PETROS@YAHOO.GR","ETHNIKI ASFALISTIKI",9005,"1997-01-17","ETHNIKIS ANTISTASEWS","ASTHMA");
INSERT INTO PATIENT(ACCESS,NAME,SURNAME,PHONE,EMAIL,INSURANCE,AMKA,BIRTHDAY,ADDRESS,CHRONICCO) VALUES(1,"DIMITRIS","TADE","6969696969","DIMITRIS@YAHOO.GR","NONE",9006,"1997-01-17","ETHNIKIS ANTISTASEWS"," ");
INSERT INTO PATIENT(ACCESS,NAME,SURNAME,PHONE,EMAIL,INSURANCE,AMKA,BIRTHDAY,ADDRESS,CHRONICCO) VALUES(1,"KATERINA","TADE","6969696969","KATERINA@YAHOO.GR","ETHNIKI ASFALISTIKI",9007,"1997-01-17","ETHNIKIS ANTISTASEWS"," ");
INSERT INTO PATIENT(ACCESS,NAME,SURNAME,PHONE,EMAIL,INSURANCE,AMKA,BIRTHDAY,ADDRESS,CHRONICCO) VALUES(1,"MARIA","TADE","6969696969","MARIA@YAHOO.GR","NONE",9008,"1997-01-17","ETHNIKIS ANTISTASEWS"," ");
INSERT INTO PATIENT(ACCESS,NAME,SURNAME,PHONE,EMAIL,INSURANCE,AMKA,BIRTHDAY,ADDRESS,CHRONICCO) VALUES(1,"ISIDWRA","TADE","6969696969","ISIDWRA@YAHOO.GR","ETHNIKI ASFALISTIKI",9009,"1997-01-17","ETHNIKIS ANTISTASEWS"," ");



